ags5,ags8,ags11,beschaeftigte_ot,ot_besch_ao,kr_be_ao_ges,gem_be_ao_ges,ot_besch_ags5_python
01055,01055001,01055001001,1051.0,869.0,64509,1402.0,64606.0
01055,01055001,01055001002,33.0,46.0,64509,1402.0,64606.0
01055,01055001,01055001003,16.0,28.0,64509,1402.0,64606.0
01055,01055001,01055001004,30.0,43.0,64509,1402.0,64606.0
01055,01055001,01055001005,83.0,37.0,64509,1402.0,64606.0
01055,01055001,01055001006,22.0,23.0,64509,1402.0,64606.0
01055,01055001,01055001007,68.0,40.0,64509,1402.0,64606.0
01055,01055001,01055001008,48.0,76.0,64509,1402.0,64606.0
01055,01055001,01055001009,7.0,5.0,64509,1402.0,64606.0
01055,01055001,01055001010,11.0,14.0,64509,1402.0,64606.0
01055,01055001,01055001011,15.0,16.0,64509,1402.0,64606.0
01055,01055001,01055001012,17.0,16.0,64509,1402.0,64606.0
01055,01055001,01055001013,51.0,42.0,64509,1402.0,64606.0
01055,01055001,01055001015,6.0,5.0,64509,1402.0,64606.0
01055,01055001,01055001016,13.0,15.0,64509,1402.0,64606.0
01055,01055001,01055001017,25.0,13.0,64509,1402.0,64606.0
01055,01055001,01055001018,80.0,43.0,64509,1402.0,64606.0
01055,01055001,01055001019,65.0,46.0,64509,1402.0,64606.0
01055,01055001,01055001020,20.0,13.0,64509,1402.0,64606.0
01055,01055001,01055001021,6.0,5.0,64509,1402.0,64606.0
01055,01055001,01055001022,10.0,9.0,64509,1402.0,64606.0
01055,01055002,01055002001,52.0,24.0,64509,90.0,64606.0
01055,01055002,01055002002,6.0,22.0,64509,90.0,64606.0
01055,01055002,01055002003,3.0,5.0,64509,90.0,64606.0
01055,01055002,01055002005,22.0,13.0,64509,90.0,64606.0
01055,01055002,01055002006,1.0,1.0,64509,90.0,64606.0
01055,01055002,01055002007,37.0,17.0,64509,90.0,64606.0
01055,01055002,01055002008,26.0,12.0,64509,90.0,64606.0
01055,01055002,01055002009,4.0,3.0,64509,90.0,64606.0
01055,01055004,01055004001,1035.0,979.0,64509,5900.0,64606.0
01055,01055004,01055004002,60.0,74.0,64509,5900.0,64606.0
01055,01055004,01055004003,1516.0,1407.0,64509,5900.0,64606.0
01055,01055004,01055004004,3166.0,3441.0,64509,5900.0,64606.0
01055,01055006,01055006001,41.0,18.0,64509,,64606.0
01055,01055006,01055006002,13.0,4.0,64509,,64606.0
01055,01055007,01055007002,72.0,100.0,64509,333.0,64606.0
01055,01055007,01055007003,23.0,23.0,64509,333.0,64606.0
01055,01055007,01055007004,29.0,20.0,64509,333.0,64606.0
01055,01055007,01055007005,29.0,21.0,64509,333.0,64606.0
01055,01055007,01055007006,95.0,92.0,64509,333.0,64606.0
01055,01055007,01055007007,5.0,4.0,64509,333.0,64606.0
01055,01055007,01055007008,3.0,3.0,64509,333.0,64606.0
01055,01055007,01055007009,11.0,10.0,64509,333.0,64606.0
01055,01055007,01055007010,19.0,11.0,64509,333.0,64606.0
01055,01055007,01055007011,9.0,7.0,64509,333.0,64606.0
01055,01055007,01055007012,13.0,12.0,64509,333.0,64606.0
01055,01055007,01055007013,24.0,12.0,64509,333.0,64606.0
01055,01055007,01055007015,20.0,16.0,64509,333.0,64606.0
01055,01055007,01055007016,14.0,10.0,64509,333.0,64606.0
01055,01055010,01055010001,510.0,429.0,64509,429.0,64606.0
01055,01055011,01055011001,8.0,8.0,64509,,64606.0
01055,01055012,01055012001,7866.0,7392.0,64509,8226.0,64606.0
01055,01055012,01055012002,116.0,256.0,64509,8226.0,64606.0
01055,01055012,01055012003,243.0,492.0,64509,8226.0,64606.0
01055,01055012,01055012004,11.0,23.0,64509,8226.0,64606.0
01055,01055012,01055012005,19.0,62.0,64509,8226.0,64606.0
01055,01055014,01055014002,2.0,2.0,64509,105.0,64606.0
01055,01055014,01055014003,6.0,10.0,64509,105.0,64606.0
01055,01055014,01055014007,88.0,77.0,64509,105.0,64606.0
01055,01055014,01055014008,4.0,5.0,64509,105.0,64606.0
01055,01055014,01055014010,1.0,1.0,64509,105.0,64606.0
01055,01055014,01055014011,2.0,8.0,64509,105.0,64606.0
01055,01055014,01055014012,8.0,8.0,64509,105.0,64606.0
01055,01055015,01055015001,18.0,15.0,64509,166.0,64606.0
01055,01055015,01055015002,2.0,3.0,64509,166.0,64606.0
01055,01055015,01055015004,3.0,2.0,64509,166.0,64606.0
01055,01055015,01055015005,4.0,3.0,64509,166.0,64606.0
01055,01055015,01055015006,54.0,44.0,64509,166.0,64606.0
01055,01055015,01055015007,30.0,38.0,64509,166.0,64606.0
01055,01055015,01055015008,19.0,15.0,64509,166.0,64606.0
01055,01055015,01055015009,1.0,1.0,64509,166.0,64606.0
01055,01055015,01055015010,9.0,6.0,64509,166.0,64606.0
01055,01055015,01055015011,6.0,5.0,64509,166.0,64606.0
01055,01055015,01055015012,27.0,17.0,64509,166.0,64606.0
01055,01055015,01055015013,9.0,6.0,64509,166.0,64606.0
01055,01055015,01055015014,3.0,2.0,64509,166.0,64606.0
01055,01055015,01055015015,7.0,5.0,64509,166.0,64606.0
01055,01055015,01055015016,8.0,7.0,64509,166.0,64606.0
01055,01055015,01055015017,2.0,5.0,64509,166.0,64606.0
01055,01055015,01055015018,2.0,5.0,64509,166.0,64606.0
01055,01055015,01055015019,1.0,1.0,64509,166.0,64606.0
01055,01055016,01055016001,24.0,34.0,64509,2678.0,64606.0
01055,01055016,01055016002,1.0,1.0,64509,2678.0,64606.0
01055,01055016,01055016003,95.0,128.0,64509,2678.0,64606.0
01055,01055016,01055016004,28.0,30.0,64509,2678.0,64606.0
01055,01055016,01055016005,1347.0,2064.0,64509,2678.0,64606.0
01055,01055016,01055016006,102.0,100.0,64509,2678.0,64606.0
01055,01055016,01055016007,16.0,16.0,64509,2678.0,64606.0
01055,01055016,01055016009,1.0,9.0,64509,2678.0,64606.0
01055,01055016,01055016010,1.0,1.0,64509,2678.0,64606.0
01055,01055016,01055016011,3.0,8.0,64509,2678.0,64606.0
01055,01055016,01055016013,132.0,119.0,64509,2678.0,64606.0
01055,01055016,01055016014,1.0,3.0,64509,2678.0,64606.0
01055,01055016,01055016015,92.0,122.0,64509,2678.0,64606.0
01055,01055016,01055016016,13.0,16.0,64509,2678.0,64606.0
01055,01055016,01055016018,7.0,11.0,64509,2678.0,64606.0
01055,01055016,01055016019,4.0,6.0,64509,2678.0,64606.0
01055,01055016,01055016020,3.0,4.0,64509,2678.0,64606.0
01055,01055016,01055016021,6.0,8.0,64509,2678.0,64606.0
01055,01055017,01055017002,780.0,701.0,64509,733.0,64606.0
01055,01055017,01055017003,2.0,7.0,64509,733.0,64606.0
01055,01055017,01055017004,1.0,1.0,64509,733.0,64606.0
01055,01055017,01055017005,14.0,15.0,64509,733.0,64606.0
01055,01055017,01055017006,3.0,7.0,64509,733.0,64606.0
01055,01055017,01055017007,1.0,1.0,64509,733.0,64606.0
01055,01055017,01055017008,4.0,4.0,64509,733.0,64606.0
01055,01055018,01055018001,411.0,438.0,64509,498.0,64606.0
01055,01055018,01055018002,93.0,59.0,64509,498.0,64606.0
01055,01055018,01055018003,3.0,3.0,64509,498.0,64606.0
01055,01055020,01055020001,3.0,2.0,64509,110.0,64606.0
01055,01055020,01055020002,48.0,38.0,64509,110.0,64606.0
01055,01055020,01055020003,72.0,61.0,64509,110.0,64606.0
01055,01055020,01055020004,3.0,7.0,64509,110.0,64606.0
01055,01055020,01055020005,1.0,1.0,64509,110.0,64606.0
01055,01055020,01055020006,12.0,21.0,64509,110.0,64606.0
01055,01055021,01055021002,1954.0,2358.0,64509,2450.0,64606.0
01055,01055021,01055021003,18.0,45.0,64509,2450.0,64606.0
01055,01055021,01055021004,12.0,47.0,64509,2450.0,64606.0
01055,01055022,01055022001,5.0,5.0,64509,132.0,64606.0
01055,01055022,01055022002,26.0,18.0,64509,132.0,64606.0
01055,01055022,01055022003,7.0,7.0,64509,132.0,64606.0
01055,01055022,01055022004,50.0,44.0,64509,132.0,64606.0
01055,01055022,01055022005,1.0,1.0,64509,132.0,64606.0
01055,01055022,01055022006,2.0,5.0,64509,132.0,64606.0
01055,01055022,01055022007,23.0,11.0,64509,132.0,64606.0
01055,01055022,01055022008,4.0,3.0,64509,132.0,64606.0
01055,01055022,01055022010,35.0,39.0,64509,132.0,64606.0
01055,01055023,01055023001,7.0,8.0,64509,29.0,64606.0
01055,01055023,01055023002,8.0,11.0,64509,29.0,64606.0
01055,01055023,01055023003,7.0,10.0,64509,29.0,64606.0
01055,01055024,01055024001,4.0,10.0,64509,178.0,64606.0
01055,01055024,01055024002,10.0,8.0,64509,178.0,64606.0
01055,01055024,01055024003,48.0,68.0,64509,178.0,64606.0
01055,01055024,01055024004,7.0,7.0,64509,178.0,64606.0
01055,01055024,01055024005,151.0,64.0,64509,178.0,64606.0
01055,01055024,01055024006,4.0,24.0,64509,178.0,64606.0
01055,01055025,01055025002,219.0,328.0,64509,328.0,64606.0
01055,01055027,01055027001,3.0,7.0,64509,1873.0,64606.0
01055,01055027,01055027002,1050.0,1791.0,64509,1873.0,64606.0
01055,01055027,01055027003,4.0,7.0,64509,1873.0,64606.0
01055,01055027,01055027004,32.0,58.0,64509,1873.0,64606.0
01055,01055027,01055027005,10.0,13.0,64509,1873.0,64606.0
01055,01055028,01055028001,1741.0,2110.0,64509,2830.0,64606.0
01055,01055028,01055028002,25.0,40.0,64509,2830.0,64606.0
01055,01055028,01055028003,428.0,305.0,64509,2830.0,64606.0
01055,01055028,01055028004,29.0,48.0,64509,2830.0,64606.0
01055,01055028,01055028005,3.0,24.0,64509,2830.0,64606.0
01055,01055028,01055028006,10.0,37.0,64509,2830.0,64606.0
01055,01055028,01055028007,13.0,39.0,64509,2830.0,64606.0
01055,01055028,01055028008,60.0,85.0,64509,2830.0,64606.0
01055,01055028,01055028009,4.0,12.0,64509,2830.0,64606.0
01055,01055028,01055028010,67.0,49.0,64509,2830.0,64606.0
01055,01055028,01055028011,9.0,15.0,64509,2830.0,64606.0
01055,01055028,01055028012,22.0,66.0,64509,2830.0,64606.0
01055,01055029,01055029001,9.0,4.0,64509,25.0,64606.0
01055,01055029,01055029002,8.0,10.0,64509,25.0,64606.0
01055,01055029,01055029003,18.0,10.0,64509,25.0,64606.0
01055,01055029,01055029004,2.0,1.0,64509,25.0,64606.0
01055,01055031,01055031001,3.0,4.0,64509,93.0,64606.0
01055,01055031,01055031002,3.0,4.0,64509,93.0,64606.0
01055,01055031,01055031004,5.0,7.0,64509,93.0,64606.0
01055,01055031,01055031005,1.0,1.0,64509,93.0,64606.0
01055,01055031,01055031006,1.0,1.0,64509,93.0,64606.0
01055,01055031,01055031007,1.0,1.0,64509,93.0,64606.0
01055,01055031,01055031009,29.0,52.0,64509,93.0,64606.0
01055,01055031,01055031010,4.0,6.0,64509,93.0,64606.0
01055,01055031,01055031011,2.0,11.0,64509,93.0,64606.0
01055,01055031,01055031012,1.0,1.0,64509,93.0,64606.0
01055,01055031,01055031014,1.0,1.0,64509,93.0,64606.0
01055,01055031,01055031016,1.0,2.0,64509,93.0,64606.0
01055,01055031,01055031017,14.0,19.0,64509,93.0,64606.0
01055,01055031,01055031018,1.0,1.0,64509,93.0,64606.0
01055,01055032,01055032001,7034.0,7492.0,64509,8729.0,64606.0
01055,01055032,01055032003,1117.0,1045.0,64509,8729.0,64606.0
01055,01055032,01055032004,44.0,192.0,64509,8729.0,64606.0
01055,01055033,01055033001,23.0,33.0,64509,4412.0,64606.0
01055,01055033,01055033002,2.0,3.0,64509,4412.0,64606.0
01055,01055033,01055033005,50.0,55.0,64509,4412.0,64606.0
01055,01055033,01055033006,34.0,36.0,64509,4412.0,64606.0
01055,01055033,01055033007,40.0,44.0,64509,4412.0,64606.0
01055,01055033,01055033008,54.0,110.0,64509,4412.0,64606.0
01055,01055033,01055033009,3088.0,4132.0,64509,4412.0,64606.0
01055,01055035,01055035001,29.0,54.0,64509,2691.0,64606.0
01055,01055035,01055035002,2.0,4.0,64509,2691.0,64606.0
01055,01055035,01055035003,3.0,7.0,64509,2691.0,64606.0
01055,01055035,01055035005,16.0,28.0,64509,2691.0,64606.0
01055,01055035,01055035006,69.0,87.0,64509,2691.0,64606.0
01055,01055035,01055035007,21.0,17.0,64509,2691.0,64606.0
01055,01055035,01055035008,651.0,495.0,64509,2691.0,64606.0
01055,01055035,01055035009,18.0,40.0,64509,2691.0,64606.0
01055,01055035,01055035010,29.0,43.0,64509,2691.0,64606.0
01055,01055035,01055035011,28.0,40.0,64509,2691.0,64606.0
01055,01055035,01055035012,689.0,670.0,64509,2691.0,64606.0
01055,01055035,01055035013,307.0,521.0,64509,2691.0,64606.0
01055,01055035,01055035014,1.0,1.0,64509,2691.0,64606.0
01055,01055035,01055035015,4.0,8.0,64509,2691.0,64606.0
01055,01055035,01055035016,553.0,555.0,64509,2691.0,64606.0
01055,01055035,01055035018,65.0,115.0,64509,2691.0,64606.0
01055,01055035,01055035019,4.0,5.0,64509,2691.0,64606.0
01055,01055036,01055036001,3.0,11.0,64509,67.0,64606.0
01055,01055036,01055036002,16.0,15.0,64509,67.0,64606.0
01055,01055036,01055036003,22.0,12.0,64509,67.0,64606.0
01055,01055036,01055036004,7.0,5.0,64509,67.0,64606.0
01055,01055036,01055036005,17.0,11.0,64509,67.0,64606.0
01055,01055036,01055036006,9.0,14.0,64509,67.0,64606.0
01055,01055037,01055037001,5.0,9.0,64509,691.0,64606.0
01055,01055037,01055037002,10.0,38.0,64509,691.0,64606.0
01055,01055037,01055037003,222.0,223.0,64509,691.0,64606.0
01055,01055037,01055037004,102.0,165.0,64509,691.0,64606.0
01055,01055037,01055037005,21.0,30.0,64509,691.0,64606.0
01055,01055037,01055037006,13.0,35.0,64509,691.0,64606.0
01055,01055037,01055037007,11.0,13.0,64509,691.0,64606.0
01055,01055037,01055037008,2.0,12.0,64509,691.0,64606.0
01055,01055037,01055037009,12.0,17.0,64509,691.0,64606.0
01055,01055037,01055037010,46.0,69.0,64509,691.0,64606.0
01055,01055037,01055037011,1.0,1.0,64509,691.0,64606.0
01055,01055037,01055037012,26.0,60.0,64509,691.0,64606.0
01055,01055037,01055037013,25.0,28.0,64509,691.0,64606.0
01055,01055038,01055038001,9.0,11.0,64509,494.0,64606.0
01055,01055038,01055038002,60.0,45.0,64509,494.0,64606.0
01055,01055038,01055038003,3.0,4.0,64509,494.0,64606.0
01055,01055038,01055038004,78.0,73.0,64509,494.0,64606.0
01055,01055038,01055038006,22.0,26.0,64509,494.0,64606.0
01055,01055038,01055038007,7.0,24.0,64509,494.0,64606.0
01055,01055038,01055038008,6.0,7.0,64509,494.0,64606.0
01055,01055038,01055038009,209.0,304.0,64509,494.0,64606.0
01055,01055038,01055038010,1.0,1.0,64509,494.0,64606.0
01055,01055038,01055038011,3.0,4.0,64509,494.0,64606.0
01055,01055039,01055039001,19.0,32.0,64509,1376.0,64606.0
01055,01055039,01055039002,11.0,23.0,64509,1376.0,64606.0
01055,01055039,01055039003,1080.0,541.0,64509,1376.0,64606.0
01055,01055039,01055039004,78.0,410.0,64509,1376.0,64606.0
01055,01055039,01055039005,756.0,369.0,64509,1376.0,64606.0
01055,01055040,01055040001,17.0,18.0,64509,3862.0,64606.0
01055,01055040,01055040002,131.0,95.0,64509,3862.0,64606.0
01055,01055040,01055040003,82.0,70.0,64509,3862.0,64606.0
01055,01055040,01055040004,18.0,34.0,64509,3862.0,64606.0
01055,01055040,01055040005,18.0,21.0,64509,3862.0,64606.0
01055,01055040,01055040006,26.0,31.0,64509,3862.0,64606.0
01055,01055040,01055040007,46.0,40.0,64509,3862.0,64606.0
01055,01055040,01055040008,5.0,22.0,64509,3862.0,64606.0
01055,01055040,01055040009,581.0,851.0,64509,3862.0,64606.0
01055,01055040,01055040010,9.0,30.0,64509,3862.0,64606.0
01055,01055040,01055040011,10.0,14.0,64509,3862.0,64606.0
01055,01055040,01055040012,3376.0,2635.0,64509,3862.0,64606.0
01055,01055041,01055041001,22.0,16.0,64509,639.0,64606.0
01055,01055041,01055041002,15.0,20.0,64509,639.0,64606.0
01055,01055041,01055041003,102.0,80.0,64509,639.0,64606.0
01055,01055041,01055041004,10.0,7.0,64509,639.0,64606.0
01055,01055041,01055041005,7.0,21.0,64509,639.0,64606.0
01055,01055041,01055041006,9.0,9.0,64509,639.0,64606.0
01055,01055041,01055041007,28.0,31.0,64509,639.0,64606.0
01055,01055041,01055041008,36.0,28.0,64509,639.0,64606.0
01055,01055041,01055041009,16.0,30.0,64509,639.0,64606.0
01055,01055041,01055041010,53.0,39.0,64509,639.0,64606.0
01055,01055041,01055041011,7.0,18.0,64509,639.0,64606.0
01055,01055041,01055041012,259.0,276.0,64509,639.0,64606.0
01055,01055041,01055041013,3.0,3.0,64509,639.0,64606.0
01055,01055041,01055041014,71.0,62.0,64509,639.0,64606.0
01055,01055042,01055042001,159.0,180.0,64509,4257.0,64606.0
01055,01055042,01055042002,76.0,99.0,64509,4257.0,64606.0
01055,01055042,01055042003,1912.0,2809.0,64509,4257.0,64606.0
01055,01055042,01055042004,902.0,1169.0,64509,4257.0,64606.0
01055,01055043,01055043002,585.0,375.0,64509,902.0,64606.0
01055,01055043,01055043003,11.0,36.0,64509,902.0,64606.0
01055,01055043,01055043004,3.0,3.0,64509,902.0,64606.0
01055,01055043,01055043005,4.0,8.0,64509,902.0,64606.0
01055,01055043,01055043006,4.0,8.0,64509,902.0,64606.0
01055,01055043,01055043007,3.0,20.0,64509,902.0,64606.0
01055,01055043,01055043008,64.0,177.0,64509,902.0,64606.0
01055,01055043,01055043010,23.0,24.0,64509,902.0,64606.0
01055,01055043,01055043011,3.0,3.0,64509,902.0,64606.0
01055,01055043,01055043013,3.0,32.0,64509,902.0,64606.0
01055,01055043,01055043014,1.0,19.0,64509,902.0,64606.0
01055,01055043,01055043015,7.0,7.0,64509,902.0,64606.0
01055,01055043,01055043016,11.0,12.0,64509,902.0,64606.0
01055,01055043,01055043017,21.0,83.0,64509,902.0,64606.0
01055,01055043,01055043018,128.0,90.0,64509,902.0,64606.0
01055,01055044,01055044001,67.0,90.0,64509,2809.0,64606.0
01055,01055044,01055044002,470.0,311.0,64509,2809.0,64606.0
01055,01055044,01055044003,61.0,83.0,64509,2809.0,64606.0
01055,01055044,01055044004,284.0,430.0,64509,2809.0,64606.0
01055,01055044,01055044005,256.0,258.0,64509,2809.0,64606.0
01055,01055044,01055044006,10.0,12.0,64509,2809.0,64606.0
01055,01055044,01055044007,1137.0,1325.0,64509,2809.0,64606.0
01055,01055044,01055044008,50.0,45.0,64509,2809.0,64606.0
01055,01055044,01055044009,242.0,187.0,64509,2809.0,64606.0
01055,01055044,01055044010,32.0,40.0,64509,2809.0,64606.0
01055,01055044,01055044011,11.0,29.0,64509,2809.0,64606.0
01055,01055046,01055046001,19.0,27.0,64509,4940.0,64606.0
01055,01055046,01055046002,25.0,30.0,64509,4940.0,64606.0
01055,01055046,01055046003,3.0,17.0,64509,4940.0,64606.0
01055,01055046,01055046004,4.0,25.0,64509,4940.0,64606.0
01055,01055046,01055046005,56.0,78.0,64509,4940.0,64606.0
01055,01055046,01055046006,31.0,23.0,64509,4940.0,64606.0
01055,01055046,01055046007,7.0,31.0,64509,4940.0,64606.0
01055,01055046,01055046008,16.0,15.0,64509,4940.0,64606.0
01055,01055046,01055046009,8.0,6.0,64509,4940.0,64606.0
01055,01055046,01055046010,3320.0,2970.0,64509,4940.0,64606.0
01055,01055046,01055046011,57.0,63.0,64509,4940.0,64606.0
01055,01055046,01055046012,65.0,70.0,64509,4940.0,64606.0
01055,01055046,01055046013,40.0,30.0,64509,4940.0,64606.0
01055,01055046,01055046014,19.0,14.0,64509,4940.0,64606.0
01055,01055046,01055046015,9.0,14.0,64509,4940.0,64606.0
01055,01055046,01055046016,23.0,29.0,64509,4940.0,64606.0
01055,01055046,01055046017,1.0,11.0,64509,4940.0,64606.0
01055,01055046,01055046018,3.0,12.0,64509,4940.0,64606.0
01055,01055046,01055046019,5.0,5.0,64509,4940.0,64606.0
01055,01055046,01055046020,27.0,16.0,64509,4940.0,64606.0
01055,01055046,01055046021,32.0,56.0,64509,4940.0,64606.0
01055,01055046,01055046022,56.0,106.0,64509,4940.0,64606.0
01055,01055046,01055046023,8.0,9.0,64509,4940.0,64606.0
01055,01055046,01055046024,164.0,181.0,64509,4940.0,64606.0
01055,01055046,01055046025,8.0,39.0,64509,4940.0,64606.0
01055,01055046,01055046026,41.0,65.0,64509,4940.0,64606.0
01055,01055046,01055046027,5.0,5.0,64509,4940.0,64606.0
01055,01055046,01055046028,47.0,56.0,64509,4940.0,64606.0
01055,01055046,01055046029,88.0,48.0,64509,4940.0,64606.0
01055,01055046,01055046030,11.0,26.0,64509,4940.0,64606.0
01055,01055046,01055046031,8.0,11.0,64509,4940.0,64606.0
01055,01055046,01055046032,45.0,27.0,64509,4940.0,64606.0
01055,01055046,01055046033,20.0,45.0,64509,4940.0,64606.0
01055,01055046,01055046035,190.0,199.0,64509,4940.0,64606.0
01055,01055046,01055046036,7.0,19.0,64509,4940.0,64606.0
01055,01055046,01055046037,105.0,102.0,64509,4940.0,64606.0
01055,01055046,01055046038,5.0,5.0,64509,4940.0,64606.0
01055,01055046,01055046039,58.0,43.0,64509,4940.0,64606.0
01055,01055046,01055046041,8.0,11.0,64509,4940.0,64606.0
01055,01055046,01055046042,12.0,29.0,64509,4940.0,64606.0
01055,01055046,01055046045,34.0,22.0,64509,4940.0,64606.0
01055,01055046,01055046046,8.0,17.0,64509,4940.0,64606.0
01055,01055046,01055046047,14.0,14.0,64509,4940.0,64606.0
01055,01055046,01055046048,18.0,19.0,64509,4940.0,64606.0
01055,01055046,01055046049,102.0,75.0,64509,4940.0,64606.0
01055,01055046,01055046050,4.0,12.0,64509,4940.0,64606.0
01055,01055046,01055046051,42.0,36.0,64509,4940.0,64606.0
01055,01055046,01055046052,17.0,26.0,64509,4940.0,64606.0
01055,01055046,01055046053,2.0,9.0,64509,4940.0,64606.0
01055,01055046,01055046054,1.0,1.0,64509,4940.0,64606.0
01055,01055046,01055046055,14.0,40.0,64509,4940.0,64606.0
01055,01055046,01055046056,160.0,101.0,64509,4940.0,64606.0
11000,11000000,11000000001,35345.0,17572.0,1686597,1686597.0,1686595.0
11000,11000000,11000000002,3792.0,4530.0,1686597,1686597.0,1686595.0
11000,11000000,11000000003,15504.0,12773.0,1686597,1686597.0,1686595.0
11000,11000000,11000000004,7250.0,5991.0,1686597,1686597.0,1686595.0
11000,11000000,11000000005,2223.0,3412.0,1686597,1686597.0,1686595.0
11000,11000000,11000000006,8231.0,8803.0,1686597,1686597.0,1686595.0
11000,11000000,11000000007,1731.0,1854.0,1686597,1686597.0,1686595.0
11000,11000000,11000000008,368.0,415.0,1686597,1686597.0,1686595.0
11000,11000000,11000000009,5260.0,4334.0,1686597,1686597.0,1686595.0
11000,11000000,11000000010,7341.0,4982.0,1686597,1686597.0,1686595.0
11000,11000000,11000000011,14894.0,11441.0,1686597,1686597.0,1686595.0
11000,11000000,11000000012,10208.0,6063.0,1686597,1686597.0,1686595.0
11000,11000000,11000000013,7392.0,7988.0,1686597,1686597.0,1686595.0
11000,11000000,11000000014,125539.0,106930.0,1686597,1686597.0,1686595.0
11000,11000000,11000000015,5083.0,3680.0,1686597,1686597.0,1686595.0
11000,11000000,11000000016,9715.0,7585.0,1686597,1686597.0,1686595.0
11000,11000000,11000000017,298.0,324.0,1686597,1686597.0,1686595.0
11000,11000000,11000000018,2828.0,3827.0,1686597,1686597.0,1686595.0
11000,11000000,11000000019,5916.0,5342.0,1686597,1686597.0,1686595.0
11000,11000000,11000000020,5049.0,5228.0,1686597,1686597.0,1686595.0
11000,11000000,11000000021,12086.0,14370.0,1686597,1686597.0,1686595.0
11000,11000000,11000000022,3286.0,5788.0,1686597,1686597.0,1686595.0
11000,11000000,11000000023,3610.0,5589.0,1686597,1686597.0,1686595.0
11000,11000000,11000000024,72916.0,56721.0,1686597,1686597.0,1686595.0
11000,11000000,11000000025,2478.0,4513.0,1686597,1686597.0,1686595.0
11000,11000000,11000000026,710.0,927.0,1686597,1686597.0,1686595.0
11000,11000000,11000000027,26436.0,22607.0,1686597,1686597.0,1686595.0
11000,11000000,11000000028,1620.0,3474.0,1686597,1686597.0,1686595.0
11000,11000000,11000000029,1897.0,2077.0,1686597,1686597.0,1686595.0
11000,11000000,11000000030,5238.0,5156.0,1686597,1686597.0,1686595.0
11000,11000000,11000000031,5676.0,5440.0,1686597,1686597.0,1686595.0
11000,11000000,11000000032,10202.0,10645.0,1686597,1686597.0,1686595.0
11000,11000000,11000000033,1441.0,1551.0,1686597,1686597.0,1686595.0
11000,11000000,11000000034,3541.0,3518.0,1686597,1686597.0,1686595.0
11000,11000000,11000000035,1486.0,3144.0,1686597,1686597.0,1686595.0
11000,11000000,11000000036,2628.0,2720.0,1686597,1686597.0,1686595.0
11000,11000000,11000000037,9743.0,11158.0,1686597,1686597.0,1686595.0
11000,11000000,11000000038,4308.0,5819.0,1686597,1686597.0,1686595.0
11000,11000000,11000000039,9007.0,6189.0,1686597,1686597.0,1686595.0
11000,11000000,11000000040,6081.0,6530.0,1686597,1686597.0,1686595.0
11000,11000000,11000000041,1905.0,2865.0,1686597,1686597.0,1686595.0
11000,11000000,11000000042,3485.0,5441.0,1686597,1686597.0,1686595.0
11000,11000000,11000000043,4966.0,4705.0,1686597,1686597.0,1686595.0
11000,11000000,11000000044,755.0,1276.0,1686597,1686597.0,1686595.0
11000,11000000,11000000045,18119.0,18365.0,1686597,1686597.0,1686595.0
11000,11000000,11000000046,336646.0,161851.0,1686597,1686597.0,1686595.0
11000,11000000,11000000047,11938.0,10113.0,1686597,1686597.0,1686595.0
11000,11000000,11000000048,28356.0,17837.0,1686597,1686597.0,1686595.0
11000,11000000,11000000049,6108.0,9688.0,1686597,1686597.0,1686595.0
11000,11000000,11000000050,31665.0,29158.0,1686597,1686597.0,1686595.0
11000,11000000,11000000051,504.0,1166.0,1686597,1686597.0,1686595.0
11000,11000000,11000000052,7162.0,8714.0,1686597,1686597.0,1686595.0
11000,11000000,11000000053,214.0,202.0,1686597,1686597.0,1686595.0
11000,11000000,11000000054,13532.0,13634.0,1686597,1686597.0,1686595.0
11000,11000000,11000000055,12834.0,9742.0,1686597,1686597.0,1686595.0
11000,11000000,11000000056,6737.0,5508.0,1686597,1686597.0,1686595.0
11000,11000000,11000000057,25273.0,23105.0,1686597,1686597.0,1686595.0
11000,11000000,11000000058,543238.0,243560.0,1686597,1686597.0,1686595.0
11000,11000000,11000000059,141945.0,68010.0,1686597,1686597.0,1686595.0
11000,11000000,11000000060,961.0,1488.0,1686597,1686597.0,1686595.0
11000,11000000,11000000061,3036.0,5333.0,1686597,1686597.0,1686595.0
11000,11000000,11000000062,35872.0,46047.0,1686597,1686597.0,1686595.0
11000,11000000,11000000063,2281.0,3673.0,1686597,1686597.0,1686595.0
11000,11000000,11000000064,6726.0,7905.0,1686597,1686597.0,1686595.0
11000,11000000,11000000065,3284.0,3158.0,1686597,1686597.0,1686595.0
11000,11000000,11000000066,5096.0,5658.0,1686597,1686597.0,1686595.0
11000,11000000,11000000067,10658.0,15551.0,1686597,1686597.0,1686595.0
11000,11000000,11000000068,957.0,1666.0,1686597,1686597.0,1686595.0
11000,11000000,11000000069,76183.0,74226.0,1686597,1686597.0,1686595.0
11000,11000000,11000000070,1321.0,2532.0,1686597,1686597.0,1686595.0
11000,11000000,11000000071,44766.0,28980.0,1686597,1686597.0,1686595.0
11000,11000000,11000000072,1561.0,1747.0,1686597,1686597.0,1686595.0
11000,11000000,11000000073,6509.0,8654.0,1686597,1686597.0,1686595.0
11000,11000000,11000000074,6738.0,7228.0,1686597,1686597.0,1686595.0
11000,11000000,11000000075,2495.0,3417.0,1686597,1686597.0,1686595.0
11000,11000000,11000000076,9058.0,9275.0,1686597,1686597.0,1686595.0
11000,11000000,11000000077,717.0,1078.0,1686597,1686597.0,1686595.0
11000,11000000,11000000078,71795.0,63462.0,1686597,1686597.0,1686595.0
11000,11000000,11000000079,56301.0,21901.0,1686597,1686597.0,1686595.0
11000,11000000,11000000080,18126.0,19296.0,1686597,1686597.0,1686595.0
11000,11000000,11000000081,4093.0,5684.0,1686597,1686597.0,1686595.0
11000,11000000,11000000082,1015.0,671.0,1686597,1686597.0,1686595.0
11000,11000000,11000000083,17490.0,25081.0,1686597,1686597.0,1686595.0
11000,11000000,11000000084,18118.0,16558.0,1686597,1686597.0,1686595.0
11000,11000000,11000000085,37002.0,28043.0,1686597,1686597.0,1686595.0
11000,11000000,11000000086,229423.0,86647.0,1686597,1686597.0,1686595.0
11000,11000000,11000000087,1785.0,3202.0,1686597,1686597.0,1686595.0
11000,11000000,11000000088,5855.0,4554.0,1686597,1686597.0,1686595.0
11000,11000000,11000000089,593.0,881.0,1686597,1686597.0,1686595.0
11000,11000000,11000000090,14841.0,19230.0,1686597,1686597.0,1686595.0
11000,11000000,11000000091,15012.0,16287.0,1686597,1686597.0,1686595.0
11000,11000000,11000000092,21831.0,17672.0,1686597,1686597.0,1686595.0
11000,11000000,11000000093,3540.0,2540.0,1686597,1686597.0,1686595.0
11000,11000000,11000000094,6315.0,9504.0,1686597,1686597.0,1686595.0
11000,11000000,11000000095,73844.0,55939.0,1686597,1686597.0,1686595.0
11000,11000000,11000000096,7585.0,7212.0,1686597,1686597.0,1686595.0
11000,11000000,11000000097,16793.0,18665.0,1686597,1686597.0,1686595.0
